{"cameraMode":{"drawMode":0,"name":"Shaded","section":"Shading Mode"},"sceneLighting":false,"audioPlay":false,"sceneViewState":{"showFog":true,"showMaterialUpdate":false,"showSkybox":false,"showFlares":true,"showImageEffects":true,"showParticleSystems":true},"in2DMode":false,"pivot":{"x":-209.8900146484375,"y":123.04308319091797,"z":-221.4055633544922},"rotation":{"x":0.12549367547035218,"y":0.24580402672290803,"z":-0.03210188075900078,"w":0.960637092590332},"size":3.527322769165039,"orthographic":false}