{"cameraMode":{"drawMode":0,"name":"Shaded","section":"Shading Mode"},"sceneLighting":false,"audioPlay":false,"sceneViewState":{"showFog":true,"showMaterialUpdate":false,"showSkybox":false,"showFlares":true,"showImageEffects":true,"showParticleSystems":true},"in2DMode":false,"pivot":{"x":-1073.694580078125,"y":9.06173038482666,"z":-84.8264389038086},"rotation":{"x":0.09453240036964417,"y":0.38919544219970705,"z":-0.04018134996294975,"w":0.9154218435287476},"size":7.003300189971924,"orthographic":false}