{"cameraMode":{"drawMode":0,"name":"Shaded","section":"Shading Mode"},"sceneLighting":true,"audioPlay":false,"sceneViewState":{"showFog":true,"showMaterialUpdate":false,"showSkybox":true,"showFlares":true,"showImageEffects":true,"showParticleSystems":true},"in2DMode":false,"pivot":{"x":164.64093017578126,"y":1.0,"z":-94.35780334472656},"rotation":{"x":-0.013612363487482071,"y":0.2594749927520752,"z":0.003684241557493806,"w":0.9656667709350586},"size":277.6722717285156,"orthographic":false}