{"cameraMode":{"drawMode":0,"name":"Shaded","section":"Shading Mode"},"sceneLighting":false,"audioPlay":false,"sceneViewState":{"showFog":true,"showMaterialUpdate":false,"showSkybox":false,"showFlares":true,"showImageEffects":true,"showParticleSystems":true},"in2DMode":false,"pivot":{"x":-30.512014389038087,"y":83.5802001953125,"z":-0.034053802490234378},"rotation":{"x":0.19239740073680879,"y":0.08818957209587097,"z":-0.017351288348436357,"w":0.9772054553031921},"size":178.06314086914063,"orthographic":false}