{"cameraMode":{"drawMode":0,"name":"Shaded","section":"Shading Mode"},"sceneLighting":false,"audioPlay":false,"sceneViewState":{"showFog":true,"showMaterialUpdate":false,"showSkybox":false,"showFlares":true,"showImageEffects":true,"showParticleSystems":true},"in2DMode":false,"pivot":{"x":-1.5120162963867188,"y":66.83000946044922,"z":-0.034056663513183597},"rotation":{"x":0.19239740073680879,"y":0.08818957209587097,"z":-0.017351288348436357,"w":0.9772054553031921},"size":4.950000286102295,"orthographic":false}